<?xml version="1.0" encoding="UTF-8" ?>
<!DOCTYPE mapper  PUBLIC "-//mybatis.org//DTD Mapper 3.0//EN"
        "http://mybatis.org/dtd/mybatis-3-mapper.dtd">

<mapper namespace="com.naughty.userlogin02.dao.MenuDao">
    <!--映射实体-->
    <resultMap id="menuMap" type="com.naughty.userlogin02.bean.MainMenu">
        <id column="id"  property="id"></id>
        <result column="title"  property="title"></result>
        <result column="path"  property="path"></result>
        <collection  property="slist" ofType="com.naughty.userlogin02.bean.SubMenu">
            <result column="sid"  property="id"></result>
            <result column="stitle"  property="title"></result>
            <result column="spath"  property="path"></result>
        </collection>
    </resultMap>

    <select id="getMainMenus" resultMap="menuMap">
        SELECT mm.*,sm.id as sid ,sm.title as stitle,sm.path as spath FROM mainmenu mm ,submenu sm WHERE mm.id = sm.mid;
    </select>
</mapper>